,dqn1,dqn1_time
0,-273.3934175157737,0.06591415405273438
1,-397.0510472409965,0.2163379192352295
2,-251.55628663902468,0.36748433113098145
3,-340.68606206160723,0.5166218280792236
4,-291.00765691066556,0.6656830310821533
5,-369.26252815428,0.8135223388671875
6,-236.50314441356747,0.9651787281036377
7,-373.9395707505502,1.1143124103546143
8,-319.9893412467635,1.2634828090667725
9,-342.56297397548326,1.413731336593628
10,-369.6676261213516,1.5606434345245361
11,-369.3833355874353,1.7107212543487549
12,-368.774328641377,1.8607051372528076
13,-394.95479056584884,2.0095133781433105
14,-333.89400608769284,2.162816286087036
15,-359.95775784608105,2.319667339324951
16,-365.12100057743214,2.475398540496826
17,-299.2029388772636,2.6338093280792236
18,-370.44762667776234,2.798110008239746
19,-329.7242102845229,2.955782413482666
20,-277.80133139802695,3.114227533340454
21,-319.4253386940846,3.273346185684204
22,-275.49307082908956,3.4312596321105957
23,-363.857589833193,3.5909457206726074
24,-320.40780697396127,3.7501823902130127
25,-231.4692774255841,3.9086906909942627
26,-319.24932644238095,4.069779634475708
27,-361.24667397910247,4.228409767150879
28,-236.496852584295,4.389266014099121
29,-236.52980306085533,4.551024675369263
30,-350.9282537176183,4.710530996322632
31,-278.5075881471226,4.8734071254730225
32,-383.1524258641101,5.033175468444824
33,-266.08439196718587,5.194334506988525
34,-332.22333929720236,5.3537373542785645
35,-235.52885167591822,5.512471914291382
36,-270.92841916104936,5.674705505371094
37,-400.7558532232737,5.83657431602478
38,-339.64672608817136,5.997464656829834
39,-342.7985557823899,6.160656213760376
40,-423.23774527130524,6.322248220443726
41,-231.10555815711368,6.483558893203735
42,-288.3607303602432,6.645788669586182
43,-349.20236455970434,6.807712554931641
44,-324.0856512146637,6.966613292694092
45,-262.21771334002733,7.129342555999756
46,-351.53798082897964,7.290926694869995
47,-237.63612711966056,7.451445579528809
48,-356.6678173803782,7.613145589828491
49,-264.4551935177895,7.779181957244873
50,-373.4073861836351,7.940315008163452
51,-235.47021628544277,8.103811979293823
52,-201.00279971403762,8.266755819320679
53,-373.2555375301497,8.42814326286316
54,-230.82506579892802,8.592038631439209
55,-250.24028259635958,8.7554190158844
56,-334.4102688529352,8.916100263595581
57,-415.5555986951968,9.080735445022583
58,-302.8253650362628,9.24564003944397
59,-241.1125164155623,9.40937328338623
60,-372.7534781746421,9.571397542953491
61,-344.7971603360571,9.730055332183838
62,-331.9260435690978,9.897011041641235
63,-348.87313062407776,10.05966329574585
64,-244.30371861284496,10.22783637046814
65,-411.7555936592181,10.395241975784302
66,-362.8171443730997,10.558080196380615
67,-423.59265746921585,10.720232486724854
68,-310.2437258728287,10.887650966644287
69,-285.74485533652273,11.052156925201416
70,-155.45111014355516,11.218660116195679
71,-403.6772503123351,11.38466215133667
72,-228.32685375228814,11.553264856338501
73,-413.37830329072693,11.724467992782593
74,-236.2288530159007,11.887789726257324
75,-414.2570812182651,12.052496433258057
76,-253.02975420582135,12.215905666351318
77,-402.7802552508059,12.379741668701172
78,-391.6182429949496,12.548462390899658
79,-383.4866972681873,12.717657566070557
80,-299.6034859576966,12.885746955871582
81,-362.7092540994833,13.048067092895508
82,-315.301598373638,13.217033624649048
83,-355.6879863586294,13.388331174850464
84,-296.05382574423857,13.554785966873169
85,-287.2147979350965,13.724190950393677
86,-405.0265557144418,13.894788980484009
87,-293.9537318129991,14.06056547164917
88,-394.1527646933082,14.231513977050781
89,-341.312866846243,14.401644945144653
90,-364.18072984959656,14.56899118423462
91,-344.12464712182833,14.740087032318115
92,-370.9767774971995,14.912307739257812
93,-352.93880979702516,15.078529834747314
94,-373.33082229148994,15.251005172729492
95,-353.7774625432111,15.421868801116943
96,-244.19921560007563,15.590776681900024
97,-245.10880026362196,15.761191844940186
98,-347.11738480093754,15.933998823165894
99,-400.0301530702317,16.107139825820923
100,-377.46929216321854,16.277668476104736
101,-364.53602143172463,16.448572874069214
102,-323.72340333977365,16.619279146194458
103,-277.2258791571964,16.796787977218628
104,-235.9633074402025,16.965829133987427
105,-324.17256134235447,17.137401580810547
106,-394.9206916757606,17.30761480331421
107,-308.21128639674725,17.47755455970764
108,-408.37301535708025,17.647507905960083
109,-393.28852667059687,17.818447589874268
110,-236.3784684970901,17.987775087356567
111,-130.0508636876813,18.15779995918274
112,-236.32947220790103,18.328481435775757
113,-364.4185325926974,18.498839378356934
114,-147.97984942453752,18.669639587402344
115,-231.39452510258587,18.843353748321533
116,-365.27856054806614,19.01540470123291
117,-377.7180858067467,19.188969135284424
118,-279.4089662155959,19.36560583114624
119,-282.2710146883746,19.535637378692627
120,-256.68518779662173,19.709662675857544
121,-343.80096891615295,19.88360047340393
122,-265.19540082791303,20.05495572090149
123,-271.4507293260771,20.22756004333496
124,-307.0656419472032,20.401203393936157
125,-235.87375915516958,20.573456048965454
126,-329.59355257419105,20.748033046722412
127,-383.33646040404267,20.920982122421265
128,-362.88357353791065,21.09559655189514
129,-339.31109074863247,21.268592834472656
130,-370.61811631774304,21.439942598342896
131,-253.44510394342697,21.613596200942993
132,-305.9178451225075,21.788704872131348
133,-336.71700640058936,21.960176944732666
134,-291.8479875376108,22.133254289627075
135,-253.7492601774723,22.308961629867554
136,-405.55548018209674,22.480340480804443
137,-398.13400427475483,22.65889549255371
138,-237.89833486502636,22.839792728424072
139,-403.9649926288032,23.01809310913086
140,-265.2477369204555,23.202261447906494
141,-378.80559623009094,23.379685878753662
142,-396.3971224223952,23.55642008781433
143,-265.19334862721576,23.73951029777527
144,-236.4022019215126,23.917542934417725
145,-277.7933809811143,24.09427809715271
146,-371.19007110806314,24.2738778591156
147,-334.67014937686884,24.450138568878174
148,-352.1017419160804,24.627705812454224
149,-329.6882045444186,24.80542302131653
150,-366.0464692081165,24.99837040901184
151,-349.35041302815966,25.20918869972229
152,-241.57361478997075,25.431795120239258
153,-370.9713573037322,25.64807152748108
154,-258.72420691418523,25.83877992630005
155,-392.08554981225325,26.011492490768433
156,-277.05750783292575,26.185704708099365
157,-355.8208616207177,26.3622989654541
158,-408.54724274849787,26.535043954849243
159,-417.0189725849355,26.709619760513306
160,-359.46168699658324,26.884222507476807
161,-414.14325339395924,27.059749841690063
162,-318.04479480931803,27.23402500152588
163,-250.47508586467163,27.410273790359497
164,-410.76781776968306,27.582557439804077
165,-326.2156344936084,27.759094953536987
166,-339.0998973254423,27.933901071548462
167,-379.1087637940563,28.111090183258057
168,-335.73917422794034,28.28349733352661
169,-366.1755160119075,28.459099769592285
170,-364.8829963724469,28.635964393615723
171,-376.9340749981459,28.81137204170227
172,-380.01960430209346,28.9852614402771
173,-313.9225583347297,29.159948110580444
174,-331.73706291625587,29.335257530212402
175,-415.9365201694489,29.50860047340393
176,-360.11605811912744,29.684574604034424
177,-313.76609521303527,29.859628200531006
178,-363.875774240127,30.03662109375
179,-226.61243715066823,30.214608669281006
180,-347.35561512220744,30.388689756393433
181,-371.87351029574546,30.563936948776245
182,-233.4172768869753,30.739442348480225
183,-298.76379660112053,30.916706085205078
184,-423.23183888185525,31.091976404190063
185,-292.3674259710994,31.270029306411743
186,-215.8966279629449,31.4480721950531
187,-328.8371473516132,31.62986993789673
188,-361.343478695275,31.80998158454895
189,-233.71500543625098,31.988197088241577
190,-373.5203720382758,32.1682562828064
191,-340.8089313381086,32.34661269187927
192,-216.51931780226454,32.52498435974121
193,-238.52853504140967,32.7054181098938
194,-411.9095307009858,32.88472890853882
195,-365.11246692017943,33.066205739974976
196,-405.7576612966393,33.24293351173401
197,-371.0089149830838,33.42431282997131
198,-376.65759054056144,33.602742195129395
199,-371.26302514555965,33.77933073043823
200,-261.78605610872205,33.957525968551636
201,-329.2764247568973,34.13174891471863
202,-419.2647490075813,34.30919599533081
203,-312.7477011090909,34.48586082458496
204,-389.829215748198,34.66086387634277
205,-325.2310147019549,34.839396715164185
206,-401.26236087784815,35.01379632949829
207,-375.41419456618814,35.18891739845276
208,-348.94646344651466,35.36373209953308
209,-253.2516354297957,35.54096746444702
210,-307.2141831114121,35.72143912315369
211,-405.2356121253149,35.89782118797302
212,-382.12168874498514,36.072898387908936
213,-350.8805902802628,36.249738454818726
214,-279.56190649762226,36.42730903625488
215,-266.0991652448458,36.6028995513916
216,-328.48263890643767,36.77937173843384
217,-235.65969458504887,36.95690155029297
218,-413.78170715958623,37.1407036781311
219,-326.56218638671663,37.32272720336914
220,-348.26327487847885,37.50454378128052
221,-354.21386127515586,37.6849148273468
222,-347.9821942788131,37.87351894378662
223,-366.44149064715685,38.063594341278076
224,-335.3536452088111,38.25393009185791
225,-421.8372911182634,38.445491313934326
226,-271.25084845646353,38.632917642593384
227,-413.26474910345996,38.811583280563354
228,-264.5388209287989,38.98607897758484
229,-350.0116203271311,39.161967515945435
230,-372.60120327300234,39.33759641647339
231,-403.37666806193675,39.51471495628357
232,-335.8895583740302,39.690768241882324
233,-355.1412477539214,39.86380672454834
234,-326.0891769726657,40.040120363235474
235,-303.2925541135297,40.21675109863281
236,-235.4154827297491,40.39356541633606
237,-236.59683792365985,40.57187485694885
238,-410.0481794216618,40.75390338897705
239,-396.1452848596394,40.93145966529846
240,-333.6277983227471,41.10834240913391
241,-281.3863117440365,41.28856801986694
242,-242.5477364841158,41.46769142150879
243,-399.56736631385564,41.64633536338806
244,-359.41515645270545,41.82555627822876
245,-326.90436490883087,42.00423812866211
246,-235.77950361115464,42.17961668968201
247,-380.03246673837214,42.35488700866699
248,-283.4673587352901,42.53155875205994
249,-343.54774605732996,42.70829939842224
250,-267.8920882404669,42.88792109489441
251,-309.17052859475274,43.065399408340454
252,-365.6835275328933,43.24403238296509
253,-367.49641733283386,43.42362332344055
254,-235.70166422816365,43.599820137023926
255,-307.42279489562054,43.78161597251892
256,-236.8495509780325,43.959086894989014
257,-427.04847830453156,44.134974241256714
258,-339.17521299244225,44.31684446334839
259,-370.04574607541286,44.49395775794983
260,-279.78325930192284,44.67019486427307
261,-377.1814138618044,44.84842872619629
262,-424.5568165809026,45.024879693984985
263,-236.94571044902239,45.20105266571045
264,-267.5767547716215,45.37894821166992
265,-278.91775720779384,45.558825731277466
266,-335.8515937343491,45.73421263694763
267,-323.7031970875506,45.91477179527283
268,-372.9945329417436,46.090736627578735
269,-418.9461807792291,46.27052164077759
270,-358.91433858560356,46.44967579841614
271,-355.4412167405331,46.62676548957825
272,-407.357999847002,46.81073713302612
273,-367.9731956516172,46.99336814880371
274,-253.53000256793757,47.17385506629944
275,-352.61709087383247,47.36021018028259
276,-236.16152717007716,47.54185962677002
277,-272.96923978866727,47.72639584541321
278,-312.5371260392138,47.925456523895264
279,-339.10615268951733,48.114699602127075
280,-234.27481368069795,48.30717349052429
281,-384.7067689966043,48.49997806549072
282,-303.9442363796436,48.68677234649658
283,-408.49283136590697,48.864266872406006
284,-293.1158431908606,49.04045510292053
285,-337.4721979023191,49.21537232398987
286,-235.88982844284763,49.39350152015686
287,-334.62058237430585,49.57074165344238
288,-365.5748405965871,49.750224590301514
289,-374.2684714217616,49.92733407020569
290,-278.8712590776077,50.104822635650635
291,-366.43215985239993,50.285451889038086
292,-276.89154553118465,50.46282410621643
293,-236.08262252811681,50.64074683189392
294,-341.4199568681251,50.81829786300659
295,-351.680672813126,50.99610781669617
296,-418.7588414009822,51.17417335510254
297,-242.94238623999024,51.35479974746704
298,-313.3120459884548,51.537028789520264
299,-352.8935533725787,51.71481394767761
300,-316.3341717045206,51.89346122741699
301,-296.4310346806074,52.071373462677
302,-352.675364689667,52.24947190284729
303,-378.5895341040486,52.43072271347046
304,-375.60160196929047,52.609023571014404
305,-345.870127347364,52.78802251815796
306,-413.73233128455064,52.96351957321167
307,-235.60282443395292,53.13913607597351
308,-421.0811462665226,53.31787443161011
309,-367.09363418813825,53.49710559844971
310,-238.67398865514343,53.67400598526001
311,-332.0530845974196,53.8548481464386
312,-322.51276969906195,54.03226900100708
313,-403.0606000852585,54.213265895843506
314,-398.34201107856404,54.394200563430786
315,-273.3463215726128,54.57349419593811
316,-423.08959319403857,54.75192427635193
317,-326.6553761764648,54.93103837966919
318,-267.0633302940514,55.11196970939636
319,-365.593291987412,55.29061794281006
320,-236.63184217339264,55.470630407333374
321,-357.36035681515585,55.64997839927673
322,-357.63781946326367,55.83031463623047
323,-363.6435032222808,56.01017713546753
324,-344.4993139776437,56.18681192398071
325,-409.0615357362594,56.367390155792236
326,-374.8251130081746,56.547855377197266
327,-235.51144883547167,56.72567105293274
328,-379.05986767766075,56.90675711631775
329,-377.87010211791807,57.08652591705322
330,-397.06684457316794,57.26843023300171
331,-354.2047793767432,57.45347809791565
332,-360.6839694134118,57.637269258499146
333,-344.34886473017616,57.82701921463013
334,-237.89001906556467,58.02135753631592
335,-386.40069948459325,58.21157789230347
336,-353.2892531193537,58.40428352355957
337,-125.26875780202415,58.596524715423584
338,-369.9840976004116,58.782578229904175
339,-340.24637322981954,58.96229314804077
340,-263.42518309623165,59.13966512680054
341,-325.96173308212724,59.3204026222229
342,-263.76404509116276,59.499475955963135
343,-371.5152713305688,59.67674446105957
344,-418.9707926776818,59.854376554489136
345,-235.68872677473058,60.03388476371765
346,-384.3673205127003,60.210018157958984
347,-386.24555508521854,60.390018701553345
348,-291.0525828561101,60.569825410842896
349,-354.31546583610543,60.7487530708313
350,-373.0782393594649,60.93051290512085
351,-347.30663052778567,61.10889744758606
352,-237.37065987680825,61.287039279937744
353,-430.6846774313691,61.464887380599976
354,-427.5362470071589,61.643924713134766
355,-347.6582502187769,61.82551431655884
356,-399.3572205205293,62.006319761276245
357,-378.34988721189364,62.18473958969116
358,-424.26084930328483,62.366952419281006
359,-403.7583644964205,62.54658317565918
360,-284.40146766470133,62.72675943374634
361,-296.068079575698,62.90837097167969
362,-232.12059720497697,63.08892798423767
363,-352.20507001103124,63.26566934585571
364,-343.4812406684021,63.44716954231262
365,-364.7383492000969,63.626773834228516
366,-277.2427133103551,63.80765247344971
367,-302.5389314170682,63.98572611808777
368,-357.7933212215963,64.16237258911133
369,-413.846401788596,64.34141731262207
370,-356.2041394910568,64.52126502990723
371,-376.39753965176084,64.71135473251343
372,-307.38395277595225,64.89170837402344
373,-334.93957975002826,65.06899976730347
374,-357.0054998708733,65.2467954158783
375,-261.5427007825474,65.42643094062805
376,-376.81145106112143,65.60687255859375
377,-266.94887138109675,65.78917002677917
378,-237.6360110617972,65.9728364944458
379,-230.89502535343252,66.15236806869507
380,-430.13137620484656,66.332515001297
381,-268.4071125217933,66.5110855102539
382,-261.86813703987883,66.69050216674805
383,-365.94489246723555,66.87188053131104
384,-374.3940640444972,67.05148029327393
385,-405.86980868248503,67.23201322555542
386,-392.58095332152055,67.4193172454834
387,-247.35140939613973,67.60324144363403
388,-296.5128630314805,67.79289436340332
389,-321.4224955862563,67.98683404922485
390,-236.7428533919091,68.1777892112732
391,-379.9946130162647,68.3718774318695
392,-275.3691970471308,68.56326341629028
393,-361.52754861751845,68.74995255470276
394,-372.2278824606746,68.92877745628357
395,-259.1255283347959,69.10407423973083
396,-228.75272338946473,69.28231930732727
397,-338.97524060969124,69.46114039421082
398,-341.6727733828394,69.64600849151611
399,-298.93896435497714,69.82611680030823
400,-346.71831178319167,70.0057418346405
401,-379.8135091439257,70.18309378623962
402,-376.40486274085663,70.36247873306274
403,-234.45875555424385,70.5412392616272
404,-391.4446957832862,70.72243094444275
405,-372.3213009216994,70.9041588306427
406,-408.9229326940407,71.08222937583923
407,-271.0812242407781,71.26171255111694
408,-242.22794736918178,71.43852043151855
409,-310.8252936931749,71.61723804473877
410,-406.3834893073604,71.80700826644897
411,-352.95998384346035,71.98701429367065
412,-341.04133054096343,72.17288517951965
413,-416.15499279798877,72.35322213172913
414,-430.30939738804955,72.5313184261322
415,-398.1081746249314,72.71600294113159
416,-337.81009489327016,72.89771556854248
417,-219.78274422216927,73.0763430595398
418,-404.09632183686426,73.26746153831482
419,-409.4343229481176,73.44995832443237
420,-270.8623451085128,73.63100147247314
421,-235.91711291699517,73.81923484802246
422,-355.2883249137535,73.99682283401489
423,-370.5677735533009,74.17940950393677
424,-294.3094157631978,74.36365413665771
425,-373.2999596026643,74.54778504371643
426,-325.9766376783192,74.72669672966003
427,-365.87349316708566,74.90900564193726
428,-237.16191618962714,75.09006094932556
429,-235.6323971232005,75.27216577529907
430,-311.3873021271812,75.45781016349792
431,-361.25688159833607,75.64107203483582
432,-364.36554843440706,75.82589221000671
433,-374.45329103697276,76.00919270515442
434,-307.13912194125925,76.19417929649353
435,-414.5207495322596,76.37770557403564
436,-235.88653755932353,76.56072473526001
437,-284.4507275873474,76.75106430053711
438,-402.65130961142336,76.94304466247559
439,-269.1298163890207,77.13028264045715
440,-359.1075190405438,77.31750845909119
441,-379.23221037653576,77.5013325214386
442,-236.34649117645216,77.69118618965149
443,-360.48058460593836,77.8850371837616
444,-254.64611266561224,78.07530379295349
445,-367.70829813302083,78.26790571212769
446,-338.73550071156603,78.45996737480164
447,-413.54558055863055,78.65027093887329
448,-237.89798814899055,78.83191061019897
449,-225.0547041900921,79.00744199752808
450,-354.0628455085078,79.18317556381226
451,-151.81233222887408,79.36305522918701
452,-334.653837263244,79.54301309585571
453,-364.6758291019637,79.72560524940491
454,-243.61519415301944,79.90431833267212
455,-309.88747625204775,80.08153343200684
456,-382.7841374033393,80.25919198989868
457,-349.6050179597009,80.4377646446228
458,-166.27132290524287,80.62424898147583
459,-302.7110922494154,80.80640077590942
460,-304.3163669577719,80.98563885688782
461,-251.67305424626855,81.16905665397644
462,-215.5984676002269,81.3492317199707
463,-324.5378417749733,81.52697396278381
464,-291.19449184959603,81.70863747596741
465,-259.46806074650436,81.88934588432312
466,-403.5679234451606,82.06567168235779
467,-324.57302356938135,82.24656438827515
468,-421.59658606349547,82.42682456970215
469,-316.7605311592405,82.60573935508728
470,-350.1450300691024,82.78906679153442
471,-321.54968305109253,82.96765232086182
472,-260.4572118035014,83.14882445335388
473,-310.5290121997187,83.32952427864075
474,-233.53802013515946,83.50589346885681
475,-316.42354581074596,83.68606281280518
476,-272.5856844811494,83.86597156524658
477,-346.08262639947907,84.0448157787323
478,-236.93130450655983,84.22867441177368
479,-341.10354880806295,84.41021203994751
480,-293.53925726586994,84.58986306190491
481,-376.3755292410288,84.77058005332947
482,-365.9533533443462,84.95212197303772
483,-263.4731439664326,85.13064336776733
484,-384.54742558612367,85.31210231781006
485,-400.3569688285195,85.49351835250854
486,-277.6732073935119,85.6776192188263
487,-339.8920773732545,85.86254239082336
488,-365.10262017090554,86.04481053352356
489,-329.0571093906902,86.22835731506348
490,-392.2436428484931,86.41136717796326
491,-408.8589238710577,86.59402418136597
492,-397.5885828260951,86.77642798423767
493,-417.4503768356336,86.96645665168762
494,-353.42520293042287,87.14978241920471
495,-247.93152168477903,87.33941149711609
496,-364.54714094266166,87.52049899101257
497,-248.16793817836339,87.70776629447937
498,-352.23874895789766,87.90339946746826
499,-260.0911631227143,88.09590792655945
500,-242.03682656301208,88.29066181182861
501,-348.9122690867083,88.4833574295044
502,-240.1140741209743,88.67409300804138
503,-235.89700885914698,88.8575439453125
504,-397.2388592734873,89.03418755531311
505,-379.48036246171637,89.21319055557251
506,-332.18881301734547,89.39162087440491
507,-372.04021459705433,89.57022333145142
508,-258.0284580130867,89.75311875343323
509,-236.5231231431171,89.93195486068726
510,-245.47685532152423,90.10823202133179
511,-411.78296270175775,90.28648924827576
512,-411.2922190912337,90.46937966346741
513,-288.5081291516376,90.65094947814941
514,-404.1728685245406,90.83772015571594
515,-346.961783247438,91.01965498924255
516,-352.4573824399183,91.2019350528717
517,-357.7745075567521,91.38565349578857
518,-364.78296414002915,91.57120084762573
519,-408.75073673553146,91.75569748878479
520,-395.70309210636975,91.94003057479858
521,-300.143031855724,92.12118148803711
522,-292.23790377996784,92.30509424209595
523,-262.18534584073416,92.48885416984558
524,-303.1137114949285,92.67491054534912
525,-275.3138415298136,92.85900449752808
526,-275.3466270101085,93.04065799713135
527,-236.47878619052045,93.22190141677856
528,-350.4208897693069,93.40586709976196
529,-236.06612703002605,93.5864155292511
530,-264.9382606860909,93.76953101158142
531,-297.74369832612797,93.95480060577393
532,-413.61868716104556,94.13602495193481
533,-313.40870803805535,94.31807470321655
534,-429.07491446708735,94.50068426132202
535,-339.2411208419852,94.68641829490662
536,-347.7908310388388,94.87064361572266
537,-235.59214583517178,95.0531554222107
538,-244.89760532810604,95.24304127693176
539,-363.82951930995114,95.42640709877014
540,-329.7519548754237,95.60683298110962
541,-386.5022128282412,95.78972148895264
542,-239.86089188883727,95.97294473648071
543,-267.8742407539357,96.15457797050476
544,-341.02005005789096,96.34224843978882
545,-355.4027138690379,96.52846622467041
546,-249.41777443322147,96.71770191192627
547,-335.04187479965833,96.90763330459595
548,-269.3557630730643,97.09335517883301
549,-306.80131237168666,97.28942155838013
550,-334.5178462719015,97.47773814201355
551,-382.8116553261357,97.66882920265198
552,-376.84286753948925,97.86334156990051
553,-423.03113002077765,98.06103157997131
554,-236.54959160113557,98.25601577758789
555,-349.85281526073396,98.45582222938538
556,-280.6293750805536,98.65349650382996
557,-355.24192229033775,98.8397364616394
558,-236.20333208843925,99.0239245891571
559,-376.38699337169044,99.20691704750061
560,-248.45379164220594,99.39108800888062
561,-360.8018480476789,99.57097554206848
562,-368.59465251544964,99.75782823562622
563,-352.4633536545943,99.941565990448
564,-396.10749799019527,100.12316083908081
565,-413.48655837364936,100.31003928184509
566,-293.004407125168,100.49330568313599
567,-389.40631300666035,100.67675399780273
568,-352.96676116753343,100.86628484725952
569,-329.9446126288627,101.04676675796509
570,-326.0471075006301,101.22894358634949
571,-327.1814068751003,101.41129517555237
572,-343.3205316634821,101.59483098983765
573,-377.63121074182175,101.78132510185242
574,-388.18538289351693,101.96517086029053
575,-326.76473878225926,102.147132396698
576,-379.84021746663836,102.33170676231384
577,-276.0619125502225,102.51346635818481
578,-397.90355068198187,102.70150375366211
579,-351.6323800558621,102.88704252243042
580,-411.00578579220564,103.06943440437317
581,-346.3503233290603,103.25339984893799
582,-301.93088999343274,103.43673300743103
583,-370.4450347885943,103.61961245536804
584,-235.92609378083898,103.80860018730164
585,-280.1589139625689,103.98971223831177
586,-368.2078046590143,104.17281603813171
587,-351.41571030641586,104.35738563537598
588,-157.89184591658082,104.54152345657349
589,-406.4694046992843,104.72445631027222
590,-369.23713811592086,104.90924954414368
591,-341.410205596614,105.09198355674744
592,-335.13836307391347,105.27694797515869
593,-417.7855764829687,105.45826363563538
594,-254.89448817639604,105.6442551612854
595,-295.88133877269297,105.82858443260193
596,-393.1906344754938,106.01168823242188
597,-410.7482092079481,106.19638419151306
598,-247.9396697601021,106.38604378700256
599,-382.53691096941463,106.57250809669495
600,-200.95624490559905,106.77147436141968
601,-420.4731974357667,106.95824933052063
602,-288.6095834557437,107.14799928665161
603,-345.3975269286738,107.33572816848755
604,-379.97422727204906,107.52364659309387
605,-247.5919313411002,107.72065830230713
606,-277.52374136478295,107.91893124580383
607,-336.2528459206663,108.11362528800964
608,-423.5064188375877,108.3117790222168
609,-406.1560355317893,108.50897932052612
610,-367.68490784733063,108.70673727989197
611,-410.9390538844039,108.8913836479187
612,-401.63939329998743,109.07379794120789
613,-243.49761030654307,109.2582859992981
614,-408.0243496215253,109.44145655632019
615,-355.0060955602206,109.62338256835938
616,-362.7057050225544,109.81201338768005
617,-235.67882663504108,109.99388885498047
618,-355.8152587740299,110.18571019172668
619,-246.4724256344177,110.37200164794922
620,-328.7226320957224,110.55257272720337
621,-263.1604148018355,110.73615503311157
622,-302.79312027081403,110.92013621330261
623,-235.52634483852012,111.10224843025208
624,-252.48612333837912,111.28884196281433
625,-232.6887624810914,111.47111892700195
626,-379.0621053182455,111.65888285636902
627,-283.2842335483985,111.84166860580444
628,-377.9863857612232,112.02303123474121
629,-348.60117671582793,112.20817828178406
630,-324.888070887061,112.39148879051208
631,-264.347432913219,112.57413029670715
632,-342.1010215313043,112.76121735572815
633,-329.99328925943377,112.9453694820404
634,-404.8068685726454,113.13104891777039
635,-380.25546084411417,113.31738519668579
636,-371.1353854986305,113.50155663490295
637,-240.77000301511757,113.68820238113403
638,-283.552493411788,113.87944793701172
639,-214.19359496220076,114.06346726417542
640,-306.9097452874951,114.24802923202515
641,-381.49358628421993,114.43388628959656
642,-342.25863695055546,114.61978936195374
643,-358.79125077295635,114.80367922782898
644,-255.16786015164314,114.98537302017212
645,-347.3589961396292,115.16787338256836
646,-254.62388278666918,115.35431385040283
647,-219.7920182302412,115.53540802001953
648,-420.2051699995217,115.7194766998291
649,-397.0205315525044,115.90490293502808
650,-364.0441681400758,116.08526539802551
651,-251.90005684199133,116.2713794708252
652,-281.7618131282154,116.45253539085388
653,-235.41171598688268,116.63809275627136
654,-378.0750043103074,116.8234236240387
655,-393.9906219764301,117.00702476501465
656,-269.0150071421325,117.1963357925415
657,-262.79533222665026,117.38164496421814
658,-334.5003049533751,117.56902241706848
659,-401.3754389158191,117.75760126113892
660,-373.1091043446155,117.95071077346802
661,-371.10413971765564,118.14711475372314
662,-285.1321637406226,118.34344935417175
663,-299.5802233362371,118.53729557991028
664,-356.96384054372874,118.72984552383423
665,-326.08246112485625,118.91027569770813
666,-395.909911333439,119.08731055259705
667,-244.61934040670207,119.27053546905518
668,-377.09354749510715,119.45092582702637
669,-317.0978974126636,119.64198923110962
670,-362.90060769355256,119.82186007499695
671,-241.25603012945558,120.00006651878357
672,-281.4766157418617,120.18017339706421
673,-274.7085630637607,120.36276006698608
674,-410.84535765599423,120.54180645942688
675,-346.97948608851584,120.7247064113617
676,-262.61691610695726,120.90686273574829
677,-230.5610783509431,121.08433222770691
678,-377.7760393698891,121.27239155769348
679,-342.10137567251377,121.45185256004333
680,-264.62612297084775,121.63132882118225
681,-320.8204233548121,121.80984091758728
682,-348.71205372087906,121.98853707313538
683,-318.4251410352244,122.16902470588684
684,-417.62627345243743,122.35167002677917
685,-277.622789312828,122.52883267402649
686,-349.3232483627875,122.70986366271973
687,-239.45561902719825,122.8908531665802
688,-341.98709624776654,123.06981062889099
689,-373.77085810201453,123.2500524520874
690,-369.6082859880712,123.4300446510315
691,-281.0005365892917,123.6137843132019
692,-385.5830856608163,123.79439449310303
693,-268.69673056473044,123.9732940196991
694,-398.62556753899105,124.1548593044281
695,-347.7973323660064,124.33654165267944
696,-404.6414287158976,124.51464533805847
697,-374.70927442690436,124.69475722312927
698,-346.1818301635286,124.88042449951172
699,-370.28512317655975,125.06028747558594
700,-398.91649836502387,125.24312496185303
701,-246.0311057877406,125.42528510093689
702,-370.0380632795065,125.60218119621277
703,-377.9582619726551,125.78561472892761
704,-276.0621726509937,125.96496534347534
705,-396.0650539605631,126.14726901054382
706,-418.3453349104952,126.3344578742981
707,-404.7148760492761,126.5197639465332
708,-238.50785174795735,126.71004343032837
709,-296.6726261299412,126.89830470085144
710,-375.07511045576854,127.08244347572327
711,-349.6280246494647,127.27218890190125
712,-366.457441717666,127.4588828086853
713,-362.0141777201194,127.64608097076416
714,-365.2859486805022,127.83821511268616
715,-282.865412415224,128.03354239463806
716,-230.016521268304,128.2305133342743
717,-235.90694823047014,128.4275679588318
718,-368.7078687007051,128.62722396850586
719,-296.48248899406326,128.81993794441223
720,-342.22155574873466,128.99968218803406
721,-282.34203122627525,129.18377137184143
722,-222.58275135468475,129.36562609672546
723,-171.85290744036547,129.5465428829193
724,-337.379031270837,129.72983527183533
725,-334.7923423252913,129.9137613773346
726,-328.15564684818895,130.0935046672821
727,-382.99751064134443,130.27896904945374
728,-421.3924368795908,130.46296858787537
729,-281.389010944175,130.64626240730286
730,-380.41367432441365,130.83076333999634
731,-246.22041909116862,131.01174306869507
732,-364.3369783651117,131.1975963115692
733,-346.8775098692179,131.3810577392578
734,-398.48238307031835,131.564373254776
735,-237.58065430649822,131.7498960494995
736,-307.6789724813234,131.93441224098206
737,-321.6583610795203,132.11625838279724
738,-261.06833240165696,132.30751991271973
739,-352.52761522942905,132.48915600776672
740,-353.4139594757379,132.6722948551178
741,-381.99850842787146,132.8556535243988
742,-365.4028208424459,133.0386185646057
743,-322.0928623332293,133.22184109687805
744,-425.73754131797256,133.4069046974182
745,-408.2939982344563,133.5881507396698
746,-365.3291830034327,133.7739028930664
747,-379.7880479433817,133.95570278167725
748,-379.3980515176516,134.14036917686462
749,-267.2368677527186,134.32529139518738
750,-237.29171391324408,134.50666689872742
751,-409.5528015309995,134.69091701507568
752,-364.62549549229146,134.87542724609375
753,-292.11309259117246,135.05778288841248
754,-344.7428244106659,135.241934299469
755,-314.8760410398552,135.42552042007446
756,-378.2890331830756,135.60764575004578
757,-370.45340052444095,135.79324173927307
758,-338.09949534825404,135.9785714149475
759,-382.7852938440097,136.16093158721924
760,-364.9745832924448,136.3460395336151
761,-367.75273583571436,136.52934050559998
762,-330.1894320684298,136.71374130249023
763,-353.80576066480336,136.90800786018372
764,-256.8791578973474,137.094224691391
765,-315.69634053270323,137.28362917900085
766,-373.08645408889566,137.4727189540863
767,-358.4032595288708,137.6625530719757
768,-408.198925021841,137.8550808429718
769,-242.49804839122015,138.0506672859192
770,-398.41568504365796,138.24736905097961
771,-238.48282190945628,138.4462649822235
772,-277.6033039233037,138.64136910438538
773,-409.3757394467833,138.83356523513794
774,-289.6273868192557,139.0149917602539
775,-339.1208179251469,139.1961431503296
776,-376.75716827225295,139.38126134872437
777,-239.41527955181698,139.5645935535431
778,-258.36928617425974,139.75585412979126
779,-422.2720985939223,139.94033908843994
780,-288.86027650243636,140.12308621406555
781,-336.9652945087853,140.30763626098633
782,-366.1087634125101,140.48842334747314
783,-353.0841956392621,140.67089557647705
784,-377.4988028244658,140.85691332817078
785,-419.7315548755206,141.04053473472595
786,-362.51332344494847,141.2234754562378
787,-342.2788798867102,141.40695977210999
788,-331.41682958957483,141.59155106544495
789,-337.514450074293,141.77574229240417
790,-354.5003167648944,141.96078395843506
791,-392.80426818037245,142.14482188224792
792,-240.0231691272681,142.33047127723694
793,-385.6625503611704,142.51495742797852
794,-250.97883222302727,142.70031905174255
795,-294.753462453089,142.88576531410217
796,-369.1213606472763,143.06840443611145
797,-283.8126409234447,143.2538812160492
798,-361.3600525117113,143.44381618499756
799,-266.61282770070784,143.62756395339966
800,-275.98327729398306,143.81388187408447
801,-402.2994702142025,143.99734473228455
802,-361.58328421218255,144.1823809146881
803,-363.56469925652283,144.36617732048035
804,-387.69267618927,144.55004000663757
805,-235.55146892253302,144.73401761054993
806,-406.08638849014994,144.91902375221252
807,-363.7388752308015,145.09978413581848
808,-326.43454011979435,145.28440189361572
809,-339.87042630750165,145.46797800064087
810,-353.2748085071693,145.65290808677673
811,-274.96815671128223,145.8360936641693
812,-243.1525928923646,146.01994395256042
813,-324.3413134853021,146.2034330368042
814,-378.7594932788649,146.38763618469238
815,-237.83000858974967,146.57337021827698
816,-251.95457343237038,146.76000261306763
817,-335.40414650642583,146.95224332809448
818,-230.99720854734485,147.14136123657227
819,-275.6173665830889,147.3360300064087
820,-278.13264737212467,147.52296209335327
821,-408.39681639864307,147.71448159217834
822,-359.7817970169391,147.90902018547058
823,-362.99387503085296,148.10539984703064
824,-155.71797028489217,148.30338168144226
825,-269.5843747675953,148.4995174407959
826,-339.2598215308629,148.6978244781494
827,-404.6205406647568,148.88602900505066
828,-385.42166099320434,149.06686687469482
829,-365.45824745927274,149.25989985466003
830,-365.53399188849875,149.44486546516418
831,-372.19493605445837,149.63056993484497
832,-337.49083183508276,149.81815886497498
833,-393.20968790984443,150.001770734787
834,-334.75374914185346,150.18726468086243
835,-410.0081574584017,150.37394094467163
836,-419.7084338265673,150.5602240562439
837,-404.4499957535059,150.74648308753967
838,-316.5437109673207,150.93554210662842
839,-408.7737847345441,151.120543718338
840,-327.04790882311096,151.31030249595642
841,-404.73430391393,151.4950852394104
842,-370.57141743044247,151.6825716495514
843,-379.28434231126676,151.8704128265381
844,-396.84465688517696,152.0556619167328
845,-420.9833371496404,152.23996353149414
846,-378.7521228751809,152.42680740356445
847,-236.90533165095252,152.6103115081787
848,-296.9931137030397,152.79678583145142
849,-363.63008981766995,152.98359036445618
850,-430.619355669211,153.17051434516907
851,-259.52808551815144,153.35574388504028
852,-235.5326174498154,153.5413007736206
853,-401.32736945296074,153.72830295562744
854,-339.2878523510521,153.91557621955872
855,-239.29583607662815,154.10060906410217
856,-236.11527606560873,154.28739714622498
857,-235.49862826779946,154.4735929965973
858,-336.2912317425589,154.66392064094543
859,-289.31362122044067,154.84979844093323
860,-255.84379494620865,155.03364324569702
861,-356.8768661886956,155.22141981124878
862,-237.08326912306822,155.40854454040527
863,-235.8001073947171,155.59565329551697
864,-237.6262705882173,155.7822027206421
865,-361.57804592372736,155.96996092796326
866,-370.6177746516957,156.15796852111816
867,-366.5547666272,156.34290027618408
868,-200.2734339402382,156.52944087982178
869,-410.48372044268643,156.71987557411194
870,-373.4846148437923,156.9135754108429
871,-247.286977574444,157.10415506362915
872,-308.8547026176511,157.29571294784546
873,-361.5121208157395,157.48701858520508
874,-239.69046877971238,157.68320679664612
875,-424.7281389517057,157.87920665740967
876,-420.1757961163376,158.07710003852844
877,-369.789440868747,158.27950286865234
878,-242.6151866132877,158.48451256752014
879,-414.49702665981005,158.68622827529907
880,-367.260719832259,158.87939381599426
881,-402.05493102543187,159.06452059745789
882,-331.200723402798,159.2490017414093
883,-371.5796825267106,159.43383979797363
884,-351.03810528239126,159.61855125427246
885,-355.7651082104683,159.80817198753357
886,-366.5201469279038,159.9915533065796
887,-368.4495631422696,160.17814087867737
888,-407.39603181750863,160.36559295654297
889,-366.20426620713215,160.54696011543274
890,-403.7972646694553,160.73384952545166
891,-287.689997649932,160.92073678970337
892,-386.05086106016427,161.1062409877777
893,-366.73460014954816,161.2952241897583
894,-272.17410026877536,161.48049139976501
895,-347.3887265655588,161.66948103904724
896,-239.45021556927375,161.85829901695251
897,-285.59690552342556,162.0444529056549
898,-367.52611346663025,162.2370364665985
899,-249.61653513595732,162.42428302764893
900,-205.94836959461966,162.6119043827057
901,-354.6495401578633,162.80043387413025
902,-370.3332328687978,162.98858380317688
903,-335.1391239541322,163.17614650726318
904,-406.331621697441,163.36187410354614
905,-281.70053251655617,163.54671001434326
906,-256.34513183455624,163.73748111724854
907,-419.9217664555477,163.9280915260315
908,-311.3434200338371,164.11379194259644
909,-419.1285467593578,164.30195450782776
910,-361.30507876795815,164.48967218399048
911,-369.7881296783243,164.67817449569702
912,-330.94464117055605,164.86723971366882
913,-300.4888564704392,165.0523612499237
914,-289.63990144433285,165.24037909507751
915,-235.56479026323146,165.42635369300842
916,-248.75885209740585,165.6153609752655
917,-239.57695993812254,165.80670404434204
918,-254.95367224468544,165.99851441383362
919,-371.2315562574551,166.185715675354
920,-374.1714507126774,166.37427234649658
921,-252.8095462719311,166.5623984336853
922,-236.65661355295182,166.754967212677
923,-334.8219132009231,166.94838905334473
924,-366.6130798356026,167.14060068130493
925,-317.65863757421255,167.33496141433716
926,-392.12631483112864,167.52637338638306
927,-404.6257088770881,167.72385907173157
928,-344.3385667725964,167.9209280014038
929,-310.3607819074278,168.1213448047638
930,-357.58171198439777,168.32533621788025
931,-315.1448758713036,168.526273727417
932,-237.98362136711208,168.7267611026764
933,-258.5346030198675,168.91765308380127
934,-356.82928831712167,169.10120606422424
935,-412.0157128986368,169.28980827331543
936,-396.35543900530735,169.47662711143494
937,-335.54066030630884,169.66368651390076
938,-364.21026644479196,169.85898113250732
939,-402.4692485348373,170.0502519607544
940,-288.82741811088,170.2395932674408
941,-381.6881483653697,170.42782759666443
942,-401.45339234417156,170.6149387359619
943,-302.9658976247184,170.80448937416077
944,-331.6370872056143,170.99338150024414
945,-132.53189010073788,171.18258905410767
946,-324.0971994882975,171.37118935585022
947,-324.19748257754566,171.55986428260803
948,-397.6777483796968,171.749902009964
949,-363.6314185412528,171.94170951843262
950,-266.8899903246042,172.12975978851318
951,-288.6888345944196,172.31957697868347
952,-325.6417538577919,172.50726461410522
953,-274.00197693385684,172.6930501461029
954,-298.5191703053254,172.88204193115234
955,-135.09778275305982,173.06911730766296
956,-353.02411672895323,173.25840163230896
957,-394.1440438942642,173.44939994812012
958,-361.04743267407497,173.6395342350006
959,-236.47886775469533,173.82923483848572
960,-241.61570505097077,174.01605796813965
961,-390.16206235128124,174.20595788955688
962,-327.28352081853546,174.39602184295654
963,-325.46915449542803,174.58398127555847
964,-349.4689304987656,174.77338552474976
965,-421.14869742682043,174.96481847763062
966,-368.992312946077,175.15254664421082
967,-374.2870437089595,175.34119057655334
968,-265.688760261242,175.5303566455841
969,-293.0200219145186,175.72206568717957
970,-372.16918805794165,175.91521382331848
971,-352.63529698305194,176.10514450073242
972,-262.3633233625465,176.29424834251404
973,-358.55132882536907,176.48533415794373
974,-267.43710185280327,176.67222237586975
975,-334.5150803580574,176.8638560771942
976,-398.98561085516457,177.05408382415771
977,-425.5000813604271,177.25054025650024
978,-416.685342270017,177.44535493850708
979,-270.41062613574275,177.63648009300232
980,-332.5489277075233,177.83454012870789
981,-332.00635191756953,178.03511381149292
982,-303.1609453025333,178.23894023895264
983,-370.8121739369834,178.4432351589203
984,-336.8965273878942,178.64526987075806
985,-377.872827111436,178.8447344303131
986,-397.89657914276705,179.0316469669342
987,-281.7268460622522,179.2194106578827
988,-242.8797280859752,179.40919971466064
989,-341.8834580896036,179.60222792625427
990,-390.026602211532,179.7952024936676
991,-377.78195656906956,179.98557257652283
992,-376.31681720821575,180.1736843585968
993,-280.9792807370099,180.36429524421692
994,-251.028159121756,180.55040407180786
995,-353.8395707835616,180.7392966747284
996,-308.1046155373677,180.92770433425903
997,-355.5022012657472,181.11918020248413
998,-395.90036371263113,181.3095564842224
999,-301.722071138309,181.50001573562622
